filename_on_site,contributor,contact,date_given,how_given,credit_wording,restrictions,page_used,withdrawn
point-vernon-parkrun-gathering-1440.avif,Kate Potter,,2026-10-11,Publisher supplied IMG_6210.HEIC in chat: here is a park run photo of mine you can publish,Photo: Kate Potter,Permission for website publication; copyright retained by photographer,/parkrun/,
point-vernon-parkrun-gathering-1440.jpg,Kate Potter,,2026-10-11,Publisher supplied IMG_6210.HEIC in chat: here is a park run photo of mine you can publish,Photo: Kate Potter,Permission for website publication; copyright retained by photographer,/parkrun/,
point-vernon-parkrun-gathering-1440.webp,Kate Potter,,2026-10-11,Publisher supplied IMG_6210.HEIC in chat: here is a park run photo of mine you can publish,Photo: Kate Potter,Permission for website publication; copyright retained by photographer,/parkrun/,
point-vernon-parkrun-gathering-480.avif,Kate Potter,,2026-10-11,Publisher supplied IMG_6210.HEIC in chat: here is a park run photo of mine you can publish,Photo: Kate Potter,Permission for website publication; copyright retained by photographer,/parkrun/,
point-vernon-parkrun-gathering-480.jpg,Kate Potter,,2026-10-11,Publisher supplied IMG_6210.HEIC in chat: here is a park run photo of mine you can publish,Photo: Kate Potter,Permission for website publication; copyright retained by photographer,/parkrun/,
point-vernon-parkrun-gathering-480.webp,Kate Potter,,2026-10-11,Publisher supplied IMG_6210.HEIC in chat: here is a park run photo of mine you can publish,Photo: Kate Potter,Permission for website publication; copyright retained by photographer,/parkrun/,
point-vernon-parkrun-gathering-960.avif,Kate Potter,,2026-10-11,Publisher supplied IMG_6210.HEIC in chat: here is a park run photo of mine you can publish,Photo: Kate Potter,Permission for website publication; copyright retained by photographer,/parkrun/,
point-vernon-parkrun-gathering-960.jpg,Kate Potter,,2026-10-11,Publisher supplied IMG_6210.HEIC in chat: here is a park run photo of mine you can publish,Photo: Kate Potter,Permission for website publication; copyright retained by photographer,/parkrun/,
point-vernon-parkrun-gathering-960.webp,Kate Potter,,2026-10-11,Publisher supplied IMG_6210.HEIC in chat: here is a park run photo of mine you can publish,Photo: Kate Potter,Permission for website publication; copyright retained by photographer,/parkrun/,
point-vernon-parkrun-walking-480.avif,Kate Potter,,2026-10-11,Publisher supplied IMG_2088.JPG in chat: you can use this one too of mine it was taken during the point vernon park run,Photo: Kate Potter,Permission for website publication; copyright retained by photographer,/parkrun/,
point-vernon-parkrun-walking-480.webp,Kate Potter,,2026-10-11,Publisher supplied IMG_2088.JPG in chat: you can use this one too of mine it was taken during the point vernon park run,Photo: Kate Potter,Permission for website publication; copyright retained by photographer,/parkrun/,
point-vernon-parkrun-walking-480.jpg,Kate Potter,,2026-10-11,Publisher supplied IMG_2088.JPG in chat: you can use this one too of mine it was taken during the point vernon park run,Photo: Kate Potter,Permission for website publication; copyright retained by photographer,/parkrun/,
point-vernon-parkrun-walking-960.avif,Kate Potter,,2026-10-11,Publisher supplied IMG_2088.JPG in chat: you can use this one too of mine it was taken during the point vernon park run,Photo: Kate Potter,Permission for website publication; copyright retained by photographer,/parkrun/,
point-vernon-parkrun-walking-960.webp,Kate Potter,,2026-10-11,Publisher supplied IMG_2088.JPG in chat: you can use this one too of mine it was taken during the point vernon park run,Photo: Kate Potter,Permission for website publication; copyright retained by photographer,/parkrun/,
point-vernon-parkrun-walking-960.jpg,Kate Potter,,2026-10-11,Publisher supplied IMG_2088.JPG in chat: you can use this one too of mine it was taken during the point vernon park run,Photo: Kate Potter,Permission for website publication; copyright retained by photographer,/parkrun/,
point-vernon-parkrun-walking-1440.avif,Kate Potter,,2026-10-11,Publisher supplied IMG_2088.JPG in chat: you can use this one too of mine it was taken during the point vernon park run,Photo: Kate Potter,Permission for website publication; copyright retained by photographer,/parkrun/,
point-vernon-parkrun-walking-1440.webp,Kate Potter,,2026-10-11,Publisher supplied IMG_2088.JPG in chat: you can use this one too of mine it was taken during the point vernon park run,Photo: Kate Potter,Permission for website publication; copyright retained by photographer,/parkrun/,
point-vernon-parkrun-walking-1440.jpg,Kate Potter,,2026-10-11,Publisher supplied IMG_2088.JPG in chat: you can use this one too of mine it was taken during the point vernon park run,Photo: Kate Potter,Permission for website publication; copyright retained by photographer,/parkrun/,
